loss,accuracy,val_loss,val_accuracy
1.6595045328140259,0.33571428060531616,1.4328052997589111,0.5857142806053162
1.1249281167984009,0.6892856955528259,0.7528305649757385,0.8571428656578064
0.621383547782898,0.8607142567634583,0.43615227937698364,0.8857142925262451
0.34995269775390625,0.9428571462631226,0.3832188844680786,0.9285714030265808
0.26585230231285095,0.9642857313156128,0.26212078332901,0.9428571462631226
0.18816472589969635,0.9892857074737549,0.309599369764328,0.9285714030265808
0.19480003416538239,0.9857142567634583,0.24930790066719055,0.9571428298950195
0.14818218350410461,0.9964285492897034,0.23940487205982208,0.9285714030265808
0.13706088066101074,0.9928571581840515,0.18503129482269287,0.9714285731315613
0.13679532706737518,0.9964285492897034,0.1815742552280426,0.9714285731315613
0.13376568257808685,0.9892857074737549,0.27356818318367004,0.9428571462631226
0.11821914464235306,0.9964285492897034,0.2087698131799698,0.9571428298950195
0.11028387397527695,0.9964285492897034,0.16898581385612488,0.9571428298950195
0.10725051164627075,0.9928571581840515,0.18146677315235138,0.9571428298950195
0.09473652392625809,0.9964285492897034,0.19259779155254364,0.9571428298950195
0.09175458550453186,1.0,0.1856255978345871,0.9428571462631226
0.08450863510370255,1.0,0.17572227120399475,0.9571428298950195
0.07942523807287216,1.0,0.16865815222263336,0.9428571462631226
0.08154312521219254,1.0,0.17709298431873322,0.9428571462631226
0.07650201767683029,0.9964285492897034,0.16076605021953583,0.9428571462631226
0.07258089631795883,0.9964285492897034,0.17008917033672333,0.9571428298950195
0.08081363886594772,0.9928571581840515,0.13041940331459045,0.9571428298950195
0.06827085465192795,1.0,0.1950301229953766,0.9714285731315613
0.07089211791753769,0.9964285492897034,0.10371283441781998,0.9714285731315613
0.06250482052564621,0.9964285492897034,0.15492838621139526,0.9428571462631226
0.055603835731744766,1.0,0.16991053521633148,0.9428571462631226
0.05508739873766899,1.0,0.09937715530395508,0.9714285731315613
0.05020158365368843,1.0,0.08424060046672821,0.9857142567634583
0.04823126643896103,1.0,0.09299061447381973,0.9571428298950195
0.04607129469513893,1.0,0.10101917386054993,0.9714285731315613
